title,slug,parent_title,parent_slug,image_filename,midjourney_prompt
Costumes and fancy dress,costumes-and-fancy-dress,,,costumes-and-fancy-dress.png,"Costumes and fancy dress: 1920s flapper costume, Banana costume, and Chef costume. Product photo with a plain light background, single subject or tight grouped scene, UK 240v mains where relevant, UK plug sockets where relevant, high detail, realistic, soft studio lighting, no text, no logo, no watermark, square composition"
Adult fancy dress,adult-fancy-dress,Costumes and fancy dress,costumes-and-fancy-dress,costumes-and-fancy-dress-adult-fancy-dress.png,"Adult fancy dress: 1920s flapper costume, Banana costume, and Chef costume in the costumes and fancy dress category. Product photo with a plain light background, single subject or tight grouped scene, UK 240v mains where relevant, UK plug sockets where relevant, high detail, realistic, soft studio lighting, no text, no logo, no watermark, square composition"
Kids fancy dress,kids-fancy-dress,Costumes and fancy dress,costumes-and-fancy-dress,costumes-and-fancy-dress-kids-fancy-dress.png,"Kids fancy dress: Astronaut costume, Dinosaur costume, and Doctor costume in the costumes and fancy dress category. Product photo with a plain light background, single subject or tight grouped scene, UK 240v mains where relevant, UK plug sockets where relevant, high detail, realistic, soft studio lighting, no text, no logo, no watermark, square composition"
Mascots and character suits,mascots-and-character-suits,Costumes and fancy dress,costumes-and-fancy-dress,costumes-and-fancy-dress-mascots-and-character-suits.png,"Mascots and character suits: Bear mascot suit, Character head and paws set, and Chicken mascot suit in the costumes and fancy dress category. Product photo with a plain light background, single subject or tight grouped scene, UK 240v mains where relevant, UK plug sockets where relevant, high detail, realistic, soft studio lighting, no text, no logo, no watermark, square composition"
Costume accessories and props,costume-accessories-and-props,Costumes and fancy dress,costumes-and-fancy-dress,costumes-and-fancy-dress-costume-accessories-and-props.png,"Costume accessories and props: Animal tail set, Cape bundle, and Cowboy hat and holster set in the costumes and fancy dress category. Product photo with a plain light background, single subject or tight grouped scene, UK 240v mains where relevant, UK plug sockets where relevant, high detail, realistic, soft studio lighting, no text, no logo, no watermark, square composition"
Themed group costumes,themed-group-costumes,Costumes and fancy dress,costumes-and-fancy-dress,costumes-and-fancy-dress-themed-group-costumes.png,"Themed group costumes: ABBA tribute group costume set, Circus troupe costume set, and Construction crew costume set in the costumes and fancy dress category. Product photo with a plain light background, single subject or tight grouped scene, UK 240v mains where relevant, UK plug sockets where relevant, high detail, realistic, soft studio lighting, no text, no logo, no watermark, square composition"
Event hire,event-hire,,,event-hire.png,"Event hire: DJ controller, Karaoke machine, and Lighting bar. Product photo with a plain light background, single subject or tight grouped scene, UK 240v mains where relevant, UK plug sockets where relevant, high detail, realistic, soft studio lighting, no text, no logo, no watermark, square composition"
Marquees and shelters,marquees-and-shelters,Event hire,event-hire,event-hire-marquees-and-shelters.png,"Marquees and shelters: Clearspan marquee, Entrance matting, and Event flooring in the event hire category. Product photo with a plain light background, single subject or tight grouped scene, UK 240v mains where relevant, UK plug sockets where relevant, high detail, realistic, soft studio lighting, no text, no logo, no watermark, square composition"
Event furniture,event-furniture,Event hire,event-hire,event-hire-event-furniture.png,"Event furniture: Bar stools, Chiavari chairs, and Coat rail in the event hire category. Product photo with a plain light background, single subject or tight grouped scene, UK 240v mains where relevant, UK plug sockets where relevant, high detail, realistic, soft studio lighting, no text, no logo, no watermark, square composition"
Catering equipment,catering-equipment,Event hire,event-hire,event-hire-catering-equipment.png,"Catering equipment: Candy floss machine, Chafing dish set, and Coffee urn in the event hire category. Product photo with a plain light background, single subject or tight grouped scene, UK 240v mains where relevant, UK plug sockets where relevant, high detail, realistic, soft studio lighting, no text, no logo, no watermark, square composition"
Event lighting and decor,event-lighting-and-decor,Event hire,event-hire,event-hire-event-lighting-and-decor.png,"Event lighting and decor: Backdrop frame, Bistro lighting, and Festoon lighting in the event hire category. Product photo with a plain light background, single subject or tight grouped scene, UK 240v mains where relevant, UK plug sockets where relevant, high detail, realistic, soft studio lighting, no text, no logo, no watermark, square composition"
"Audio, music and AV",audio-music-and-av,Event hire,event-hire,event-hire-audio-music-and-av.png,"Audio, music and AV: DJ controller, Karaoke machine, and Lighting bar in the event hire category. Product photo with a plain light background, single subject or tight grouped scene, UK 240v mains where relevant, UK plug sockets where relevant, high detail, realistic, soft studio lighting, no text, no logo, no watermark, square composition"
Games and crowd pleasers,games-and-crowd-pleasers,Event hire,event-hire,event-hire-games-and-crowd-pleasers.png,"Games and crowd pleasers: Ball pit, Beer pong table, and Bouncy castle in the event hire category. Product photo with a plain light background, single subject or tight grouped scene, UK 240v mains where relevant, UK plug sockets where relevant, high detail, realistic, soft studio lighting, no text, no logo, no watermark, square composition"
Stages and crowd control,stages-and-crowd-control,Event hire,event-hire,event-hire-stages-and-crowd-control.png,"Stages and crowd control: Backstage screen divider, Cable ramp set, and Crowd control fencing in the event hire category. Product photo with a plain light background, single subject or tight grouped scene, UK 240v mains where relevant, UK plug sockets where relevant, high detail, realistic, soft studio lighting, no text, no logo, no watermark, square composition"
Wedding extras and finishing touches,wedding-extras-and-finishing-touches,Event hire,event-hire,event-hire-wedding-extras-and-finishing-touches.png,"Wedding extras and finishing touches: Aisle runner, Blanket basket station, and Cake stand set in the event hire category. Product photo with a plain light background, single subject or tight grouped scene, UK 240v mains where relevant, UK plug sockets where relevant, high detail, realistic, soft studio lighting, no text, no logo, no watermark, square composition"
Toilet and welfare hire,toilet-and-welfare-hire,Event hire,event-hire,event-hire-toilet-and-welfare-hire.png,"Toilet and welfare hire: Accessible toilet unit, Baby changing station, and Generator for welfare unit in the event hire category. Product photo with a plain light background, single subject or tight grouped scene, UK 240v mains where relevant, UK plug sockets where relevant, high detail, realistic, soft studio lighting, no text, no logo, no watermark, square composition"
Linen and table styling,linen-and-table-styling,Event hire,event-hire,event-hire-linen-and-table-styling.png,"Linen and table styling: Bar front drape set, Bud vase collection, and Cake table skirt in the event hire category. Product photo with a plain light background, single subject or tight grouped scene, UK 240v mains where relevant, UK plug sockets where relevant, high detail, realistic, soft studio lighting, no text, no logo, no watermark, square composition"
Garden,garden,,,garden.png,"Garden: electric electric Petrol Scarifier and aerator. Product photo with a plain light background, single subject or tight grouped scene, UK 240v mains where relevant, UK plug sockets where relevant, high detail, realistic, soft studio lighting, no text, no logo, no watermark, square composition"
Lawn care and aeration,lawn-care-and-aeration,Garden,garden,garden-lawn-care-and-aeration.png,"Lawn care and aeration: Broadcast spreader, Cylinder mower, and Drop spreader in the garden category. Product photo with a plain light background, single subject or tight grouped scene, UK 240v mains where relevant, UK plug sockets where relevant, high detail, realistic, soft studio lighting, no text, no logo, no watermark, square composition"
Soil cultivation and tilling,soil-cultivation-and-tilling,Garden,garden,garden-soil-cultivation-and-tilling.png,"Soil cultivation and tilling: Broadfork, Compost shredder, and Garden cultivator in the garden category. Product photo with a plain light background, single subject or tight grouped scene, UK 240v mains where relevant, UK plug sockets where relevant, high detail, realistic, soft studio lighting, no text, no logo, no watermark, square composition"
Groundworks and compaction,groundworks-and-compaction,Garden,garden,garden-groundworks-and-compaction.png,"Groundworks and compaction: Floor saw, Forward plate compactor, and Line marker in the garden category. Product photo with a plain light background, single subject or tight grouped scene, UK 240v mains where relevant, UK plug sockets where relevant, high detail, realistic, soft studio lighting, no text, no logo, no watermark, square composition"
Tree and hedge care,tree-and-hedge-care,Garden,garden,garden-tree-and-hedge-care.png,"Tree and hedge care: Brush cutter, Chainsaw, and Chainsaw sharpening kit in the garden category. Product photo with a plain light background, single subject or tight grouped scene, UK 240v mains where relevant, UK plug sockets where relevant, high detail, realistic, soft studio lighting, no text, no logo, no watermark, square composition"
Log splitting and firewood,log-splitting-and-firewood,Garden,garden,garden-log-splitting-and-firewood.png,"Log splitting and firewood: Firewood processor, Horizontal log splitter, and Kindling splitter in the garden category. Product photo with a plain light background, single subject or tight grouped scene, UK 240v mains where relevant, UK plug sockets where relevant, high detail, realistic, soft studio lighting, no text, no logo, no watermark, square composition"
Digging and site clearance,digging-and-site-clearance,Garden,garden,garden-digging-and-site-clearance.png,"Digging and site clearance: Earth auger, Garden shredder, and Micro digger in the garden category. Product photo with a plain light background, single subject or tight grouped scene, UK 240v mains where relevant, UK plug sockets where relevant, high detail, realistic, soft studio lighting, no text, no logo, no watermark, square composition"
Watering and washdown,watering-and-washdown,Garden,garden,garden-watering-and-washdown.png,"Watering and washdown: electric Fogger mister, Gutter vacuum, and Hot water pressure washer in the garden category. Product photo with a plain light background, single subject or tight grouped scene, UK 240v mains where relevant, UK plug sockets where relevant, high detail, realistic, soft studio lighting, no text, no logo, no watermark, square composition"
Fencing and postwork,fencing-and-postwork,Garden,garden,garden-fencing-and-postwork.png,"Fencing and postwork: Fence stapler, Fence wire tensioner, and Gate hanging kit in the garden category. Product photo with a plain light background, single subject or tight grouped scene, UK 240v mains where relevant, UK plug sockets where relevant, high detail, realistic, soft studio lighting, no text, no logo, no watermark, square composition"
Pruning and orchard tools,pruning-and-orchard-tools,Garden,garden,garden-pruning-and-orchard-tools.png,"Pruning and orchard tools: Anvil lopper, Bypass lopper, and Fruit picker in the garden category. Product photo with a plain light background, single subject or tight grouped scene, UK 240v mains where relevant, UK plug sockets where relevant, high detail, realistic, soft studio lighting, no text, no logo, no watermark, square composition"
Greenhouse and propagation,greenhouse-and-propagation,Garden,garden,garden-greenhouse-and-propagation.png,"Greenhouse and propagation: Capillary matting roll, Compost sieve, and Greenhouse heater in the garden category. Product photo with a plain light background, single subject or tight grouped scene, UK 240v mains where relevant, UK plug sockets where relevant, high detail, realistic, soft studio lighting, no text, no logo, no watermark, square composition"
Pest control and spraying,pest-control-and-spraying,Garden,garden,garden-pest-control-and-spraying.png,"Pest control and spraying: Backpack sprayer, Bird scarer kite, and Fruit cage frame in the garden category. Product photo with a plain light background, single subject or tight grouped scene, UK 240v mains where relevant, UK plug sockets where relevant, high detail, realistic, soft studio lighting, no text, no logo, no watermark, square composition"
Estate maintenance and paddock care,estate-maintenance-and-paddock-care,Garden,garden,garden-estate-maintenance-and-paddock-care.png,"Estate maintenance and paddock care: ATV flail mower, ATV trailer, and Brash drag mat in the garden category. Product photo with a plain light background, single subject or tight grouped scene, UK 240v mains where relevant, UK plug sockets where relevant, high detail, realistic, soft studio lighting, no text, no logo, no watermark, square composition"
Composting and waste handling,composting-and-waste-handling,Garden,garden,garden-composting-and-waste-handling.png,"Composting and waste handling: Bagging chute kit, Branch bundling frame, and Chip collection bag set in the garden category. Product photo with a plain light background, single subject or tight grouped scene, UK 240v mains where relevant, UK plug sockets where relevant, high detail, realistic, soft studio lighting, no text, no logo, no watermark, square composition"
Sports equipment,sports-equipment,,,sports-equipment.png,"Sports equipment: American football sled, Ball launcher, and Basketball hoop. Product photo with a plain light background, single subject or tight grouped scene, UK 240v mains where relevant, UK plug sockets where relevant, high detail, realistic, soft studio lighting, no text, no logo, no watermark, square composition"
Ball sports,ball-sports,Sports equipment,sports-equipment,sports-equipment-ball-sports.png,"Ball sports: American football sled, Ball launcher, and Basketball hoop in the sports equipment category. Product photo with a plain light background, single subject or tight grouped scene, UK 240v mains where relevant, UK plug sockets where relevant, high detail, realistic, soft studio lighting, no text, no logo, no watermark, square composition"
Racquet sports,racquet-sports,Sports equipment,sports-equipment,sports-equipment-racquet-sports.png,"Racquet sports: Badminton net, Ball collection tube, and Ball hopper in the sports equipment category. Product photo with a plain light background, single subject or tight grouped scene, UK 240v mains where relevant, UK plug sockets where relevant, high detail, realistic, soft studio lighting, no text, no logo, no watermark, square composition"
Watersports,watersports,Sports equipment,sports-equipment,sports-equipment-watersports.png,"Watersports: Bodyboard, Canoe, and Dry bag set in the sports equipment category. Product photo with a plain light background, single subject or tight grouped scene, UK 240v mains where relevant, UK plug sockets where relevant, high detail, realistic, soft studio lighting, no text, no logo, no watermark, square composition"
Camping and hiking gear,camping-and-hiking-gear,Sports equipment,sports-equipment,sports-equipment-camping-and-hiking-gear.png,"Camping and hiking gear: Bell tent, Camp kitchen stand, and Camping kit in the sports equipment category. Product photo with a plain light background, single subject or tight grouped scene, UK 240v mains where relevant, UK plug sockets where relevant, high detail, realistic, soft studio lighting, no text, no logo, no watermark, square composition"
Fitness and training,fitness-and-training,Sports equipment,sports-equipment,sports-equipment-fitness-and-training.png,"Fitness and training: Adjustable bench, Agility ladder set, and Barbell set in the sports equipment category. Product photo with a plain light background, single subject or tight grouped scene, UK 240v mains where relevant, UK plug sockets where relevant, high detail, realistic, soft studio lighting, no text, no logo, no watermark, square composition"
Winter sports,winter-sports,Sports equipment,sports-equipment,sports-equipment-winter-sports.png,"Winter sports: Adult skis, Avalanche safety pack, and Heated glove pack in the sports equipment category. Product photo with a plain light background, single subject or tight grouped scene, UK 240v mains where relevant, UK plug sockets where relevant, high detail, realistic, soft studio lighting, no text, no logo, no watermark, square composition"
Cycling and bike gear,cycling-and-bike-gear,Sports equipment,sports-equipment,sports-equipment-cycling-and-bike-gear.png,"Cycling and bike gear: Bike repair stand, Bike wash stand, and Bikepacking bag set in the sports equipment category. Product photo with a plain light background, single subject or tight grouped scene, UK 240v mains where relevant, UK plug sockets where relevant, high detail, realistic, soft studio lighting, no text, no logo, no watermark, square composition"
Recovery and physio gear,recovery-and-physio-gear,Sports equipment,sports-equipment,sports-equipment-recovery-and-physio-gear.png,"Recovery and physio gear: Balance board, Compression boots, and Cupping therapy kit in the sports equipment category. Product photo with a plain light background, single subject or tight grouped scene, UK 240v mains where relevant, UK plug sockets where relevant, high detail, realistic, soft studio lighting, no text, no logo, no watermark, square composition"
Matchday and coaching equipment,matchday-and-coaching-equipment,Sports equipment,sports-equipment,sports-equipment-matchday-and-coaching-equipment.png,"Matchday and coaching equipment: Ball pump station, Coaching cone mega pack, and Corner flags in the sports equipment category. Product photo with a plain light background, single subject or tight grouped scene, UK 240v mains where relevant, UK plug sockets where relevant, high detail, realistic, soft studio lighting, no text, no logo, no watermark, square composition"
Climbing and adventure training,climbing-and-adventure-training,Sports equipment,sports-equipment,sports-equipment-climbing-and-adventure-training.png,"Climbing and adventure training: Adventure race checkpoint flags, Assault course wall module, and Bouldering mat in the sports equipment category. Product photo with a plain light background, single subject or tight grouped scene, UK 240v mains where relevant, UK plug sockets where relevant, high detail, realistic, soft studio lighting, no text, no logo, no watermark, square composition"
Vehicle and accessories,vehicle-and-accessories,,,vehicle-and-accessories.png,"Vehicle and accessories: electric Bike repair stand, Boot-mounted bike rack, and E-bike rack. Product photo with a plain light background, single subject or tight grouped scene, UK 240v mains where relevant, UK plug sockets where relevant, high detail, realistic, soft studio lighting, no text, no logo, no watermark, square composition"
Roof storage and roof racks,roof-storage-and-roof-racks,Vehicle and accessories,vehicle-and-accessories,vehicle-and-accessories-roof-storage-and-roof-racks.png,"Roof storage and roof racks: Awning side carrier, Kayak roof cradle, and Ladder roof rack in the vehicle and accessories category. Product photo with a plain light background, single subject or tight grouped scene, UK 240v mains where relevant, UK plug sockets where relevant, high detail, realistic, soft studio lighting, no text, no logo, no watermark, square composition"
Bike transport,bike-transport,Vehicle and accessories,vehicle-and-accessories,vehicle-and-accessories-bike-transport.png,"Bike transport: Bike repair stand, Boot-mounted bike rack, and E-bike rack in the vehicle and accessories category. Product photo with a plain light background, single subject or tight grouped scene, UK 240v mains where relevant, UK plug sockets where relevant, high detail, realistic, soft studio lighting, no text, no logo, no watermark, square composition"
Trailers and towing,trailers-and-towing,Vehicle and accessories,vehicle-and-accessories,vehicle-and-accessories-trailers-and-towing.png,"Trailers and towing: Box trailer, Caged trailer, and Car transporter trailer in the vehicle and accessories category. Product photo with a plain light background, single subject or tight grouped scene, UK 240v mains where relevant, UK plug sockets where relevant, high detail, realistic, soft studio lighting, no text, no logo, no watermark, square composition"
Travel and utility accessories,travel-and-utility-accessories,Vehicle and accessories,vehicle-and-accessories,vehicle-and-accessories-travel-and-utility-accessories.png,"Travel and utility accessories: Camping table for tailgate use, Dash-mounted phone holder, and Dog guard in the vehicle and accessories category. Product photo with a plain light background, single subject or tight grouped scene, UK 240v mains where relevant, UK plug sockets where relevant, high detail, realistic, soft studio lighting, no text, no logo, no watermark, square composition"
Recovery and workshop gear,recovery-and-workshop-gear,Vehicle and accessories,vehicle-and-accessories,vehicle-and-accessories-recovery-and-workshop-gear.png,"Recovery and workshop gear: electric Axle stands, Battery charger, and Hydraulic trolley jack in the vehicle and accessories category. Product photo with a plain light background, single subject or tight grouped scene, UK 240v mains where relevant, UK plug sockets where relevant, high detail, realistic, soft studio lighting, no text, no logo, no watermark, square composition"
Van and load management,van-and-load-management,Vehicle and accessories,vehicle-and-accessories,vehicle-and-accessories-van-and-load-management.png,"Van and load management: Beacon light bar, Load restraint poles, and Load securing track kit in the vehicle and accessories category. Product photo with a plain light background, single subject or tight grouped scene, UK 240v mains where relevant, UK plug sockets where relevant, high detail, realistic, soft studio lighting, no text, no logo, no watermark, square composition"
Winter and touring accessories,winter-and-touring-accessories,Vehicle and accessories,vehicle-and-accessories,vehicle-and-accessories-winter-and-touring-accessories.png,"Winter and touring accessories: 12v heated blanket, Camping power hook-up lead, and Drive-away awning in the vehicle and accessories category. Product photo with a plain light background, single subject or tight grouped scene, UK 240v mains where relevant, UK plug sockets where relevant, high detail, realistic, soft studio lighting, no text, no logo, no watermark, square composition"
Cleaning and detailing gear,cleaning-and-detailing-gear,Vehicle and accessories,vehicle-and-accessories,vehicle-and-accessories-cleaning-and-detailing-gear.png,"Cleaning and detailing gear: Canopy wash stand, Carpet extractor for vehicles, and Drying blower in the vehicle and accessories category. Product photo with a plain light background, single subject or tight grouped scene, UK 240v mains where relevant, UK plug sockets where relevant, high detail, realistic, soft studio lighting, no text, no logo, no watermark, square composition"
DIY and power tools,diy-and-power-tools,,,diy-and-power-tools.png,"DIY and power tools: electric Air blow gun kit, Air hose and reel kit, and Air impact wrench. Product photo with a plain light background, single subject or tight grouped scene, UK 240v mains where relevant, UK plug sockets where relevant, high detail, realistic, soft studio lighting, no text, no logo, no watermark, square composition"
Drills and drivers,drills-and-drivers,DIY and power tools,diy-and-power-tools,diy-and-power-tools-drills-and-drivers.png,"Drills and drivers: electric Collated screw gun, Combi drill, and Cordless screwdriver in the diy and power tools category. Product photo with a plain light background, single subject or tight grouped scene, UK 240v mains where relevant, UK plug sockets where relevant, high detail, realistic, soft studio lighting, no text, no logo, no watermark, square composition"
Saws and cutting,saws-and-cutting,DIY and power tools,diy-and-power-tools,diy-and-power-tools-saws-and-cutting.png,"Saws and cutting: Bandsaw, Chainsaw mill, and Circular saw in the diy and power tools category. Product photo with a plain light background, single subject or tight grouped scene, UK 240v mains where relevant, UK plug sockets where relevant, high detail, realistic, soft studio lighting, no text, no logo, no watermark, square composition"
Sanders,sanders,DIY and power tools,diy-and-power-tools,diy-and-power-tools-sanders.png,"Sanders: electric Air orbital sander, Belt sander, and Cordless random orbital sander in the diy and power tools category. Product photo with a plain light background, single subject or tight grouped scene, UK 240v mains where relevant, UK plug sockets where relevant, high detail, realistic, soft studio lighting, no text, no logo, no watermark, square composition"
Nail guns and staplers,nail-guns-and-staplers,DIY and power tools,diy-and-power-tools,diy-and-power-tools-nail-guns-and-staplers.png,"Nail guns and staplers: 16 gauge finish nailer, 18 gauge brad nailer, and 23 gauge pin nailer in the diy and power tools category. Product photo with a plain light background, single subject or tight grouped scene, UK 240v mains where relevant, UK plug sockets where relevant, high detail, realistic, soft studio lighting, no text, no logo, no watermark, square composition"
Grinders and metalwork,grinders-and-metalwork,DIY and power tools,diy-and-power-tools,diy-and-power-tools-grinders-and-metalwork.png,"Grinders and metalwork: 4.5 inch angle grinder, 9 inch angle grinder, and Bench grinder in the diy and power tools category. Product photo with a plain light background, single subject or tight grouped scene, UK 240v mains where relevant, UK plug sockets where relevant, high detail, realistic, soft studio lighting, no text, no logo, no watermark, square composition"
Site access and support,site-access-and-support,DIY and power tools,diy-and-power-tools,diy-and-power-tools-site-access-and-support.png,"Site access and support: Acro props, Extension ladder, and Hop-up work platform in the diy and power tools category. Product photo with a plain light background, single subject or tight grouped scene, UK 240v mains where relevant, UK plug sockets where relevant, high detail, realistic, soft studio lighting, no text, no logo, no watermark, square composition"
Measuring and layout tools,measuring-and-layout-tools,DIY and power tools,diy-and-power-tools,diy-and-power-tools-measuring-and-layout-tools.png,"Measuring and layout tools: Cable detector, Chalk line set, and Cross-line laser in the diy and power tools category. Product photo with a plain light background, single subject or tight grouped scene, UK 240v mains where relevant, UK plug sockets where relevant, high detail, realistic, soft studio lighting, no text, no logo, no watermark, square composition"
Routing and woodworking benches,routing-and-woodworking-benches,DIY and power tools,diy-and-power-tools,diy-and-power-tools-routing-and-woodworking-benches.png,"Routing and woodworking benches: electric Biscuit jointer, Domino joiner, and Electric planer in the diy and power tools category. Product photo with a plain light background, single subject or tight grouped scene, UK 240v mains where relevant, UK plug sockets where relevant, high detail, realistic, soft studio lighting, no text, no logo, no watermark, square composition"
Fastening and fixings tools,fastening-and-fixings-tools,DIY and power tools,diy-and-power-tools,diy-and-power-tools-fastening-and-fixings-tools.png,"Fastening and fixings tools: electric Battery rivet gun, Bolt cropper, and Cable tie tension tool in the diy and power tools category. Product photo with a plain light background, single subject or tight grouped scene, UK 240v mains where relevant, UK plug sockets where relevant, high detail, realistic, soft studio lighting, no text, no logo, no watermark, square composition"
Dust extraction and workshop cleanup,dust-extraction-and-workshop-cleanup,DIY and power tools,diy-and-power-tools,diy-and-power-tools-dust-extraction-and-workshop-cleanup.png,"Dust extraction and workshop cleanup: electric Air filtration unit, Bench sweep vacuum, and Chip extractor in the diy and power tools category. Product photo with a plain light background, single subject or tight grouped scene, UK 240v mains where relevant, UK plug sockets where relevant, high detail, realistic, soft studio lighting, no text, no logo, no watermark, square composition"
Air tools and compressors,air-tools-and-compressors,DIY and power tools,diy-and-power-tools,diy-and-power-tools-air-tools-and-compressors.png,"Air tools and compressors: electric Air blow gun kit, Air hose and reel kit, and Air impact wrench in the diy and power tools category. Product photo with a plain light background, single subject or tight grouped scene, UK 240v mains where relevant, UK plug sockets where relevant, high detail, realistic, soft studio lighting, no text, no logo, no watermark, square composition"
"Masonry, concrete and demolition",masonry-concrete-and-demolition,DIY and power tools,diy-and-power-tools,diy-and-power-tools-masonry-concrete-and-demolition.png,"Masonry, concrete and demolition: electric Block splitter, Breaker, and Compactor plate in the diy and power tools category. Product photo with a plain light background, single subject or tight grouped scene, UK 240v mains where relevant, UK plug sockets where relevant, high detail, realistic, soft studio lighting, no text, no logo, no watermark, square composition"
"Welding, soldering and heat tools",welding-soldering-and-heat-tools,DIY and power tools,diy-and-power-tools,diy-and-power-tools-welding-soldering-and-heat-tools.png,"Welding, soldering and heat tools: Arc welder, Auto-darkening welding helmet, and Brazing torch set in the diy and power tools category. Product photo with a plain light background, single subject or tight grouped scene, UK 240v mains where relevant, UK plug sockets where relevant, high detail, realistic, soft studio lighting, no text, no logo, no watermark, square composition"
Generators and site power,generators-and-site-power,DIY and power tools,diy-and-power-tools,diy-and-power-tools-generators-and-site-power.png,"Generators and site power: electric 110v extension lead, Battery power station, and Cable protector ramp in the diy and power tools category. Product photo with a plain light background, single subject or tight grouped scene, UK 240v mains where relevant, UK plug sockets where relevant, high detail, realistic, soft studio lighting, no text, no logo, no watermark, square composition"
Workshop metalworking tools,workshop-metalworking-tools,DIY and power tools,diy-and-power-tools,diy-and-power-tools-workshop-metalworking-tools.png,"Workshop metalworking tools: Arbor press, Bead roller, and Bench grinder in the diy and power tools category. Product photo with a plain light background, single subject or tight grouped scene, UK 240v mains where relevant, UK plug sockets where relevant, high detail, realistic, soft studio lighting, no text, no logo, no watermark, square composition"
Lifting and material handling,lifting-and-material-handling,DIY and power tools,diy-and-power-tools,diy-and-power-tools-lifting-and-material-handling.png,"Lifting and material handling: electric Beam trolley, Chain hoist, and Engine crane in the diy and power tools category. Product photo with a plain light background, single subject or tight grouped scene, UK 240v mains where relevant, UK plug sockets where relevant, high detail, realistic, soft studio lighting, no text, no logo, no watermark, square composition"
Home and furniture,home-and-furniture,,,home-and-furniture.png,"Home and furniture: Bed end bench, Bedside chest pair, and Blanket ladder. Product photo with a plain light background, single subject or tight grouped scene, UK 240v mains where relevant, UK plug sockets where relevant, high detail, realistic, soft studio lighting, no text, no logo, no watermark, square composition"
Guest beds and sleepovers,guest-beds-and-sleepovers,Home and furniture,home-and-furniture,home-and-furniture-guest-beds-and-sleepovers.png,"Guest beds and sleepovers: Air bed, Bedside table pair, and Double guest bed in the home and furniture category. Product photo with a plain light background, single subject or tight grouped scene, UK 240v mains where relevant, UK plug sockets where relevant, high detail, realistic, soft studio lighting, no text, no logo, no watermark, square composition"
Dining tables and seating,dining-tables-and-seating,Home and furniture,home-and-furniture,home-and-furniture-dining-tables-and-seating.png,"Dining tables and seating: Bench seating pair, Breakfast bar stools, and Buffet sideboard in the home and furniture category. Product photo with a plain light background, single subject or tight grouped scene, UK 240v mains where relevant, UK plug sockets where relevant, high detail, realistic, soft studio lighting, no text, no logo, no watermark, square composition"
"Sofas, armchairs and lounge furniture",sofas-armchairs-and-lounge-furniture,Home and furniture,home-and-furniture,home-and-furniture-sofas-armchairs-and-lounge-furniture.png,"Sofas, armchairs and lounge furniture: Armchair, Bean bag lounger, and Coffee table in the home and furniture category. Product photo with a plain light background, single subject or tight grouped scene, UK 240v mains where relevant, UK plug sockets where relevant, high detail, realistic, soft studio lighting, no text, no logo, no watermark, square composition"
Storage and shelving,storage-and-shelving,Home and furniture,home-and-furniture,home-and-furniture-storage-and-shelving.png,"Storage and shelving: Bookcase, Chest of drawers, and Clothes rail in the home and furniture category. Product photo with a plain light background, single subject or tight grouped scene, UK 240v mains where relevant, UK plug sockets where relevant, high detail, realistic, soft studio lighting, no text, no logo, no watermark, square composition"
Office desks and chairs,office-desks-and-chairs,Home and furniture,home-and-furniture,home-and-furniture-office-desks-and-chairs.png,"Office desks and chairs: Corner desk, Desk lamp, and Ergonomic office chair in the home and furniture category. Product photo with a plain light background, single subject or tight grouped scene, UK 240v mains where relevant, UK plug sockets where relevant, high detail, realistic, soft studio lighting, no text, no logo, no watermark, square composition"
Nursery and baby furniture,nursery-and-baby-furniture,Home and furniture,home-and-furniture,home-and-furniture-nursery-and-baby-furniture.png,"Nursery and baby furniture: Baby wardrobe, Changing table, and High chair in the home and furniture category. Product photo with a plain light background, single subject or tight grouped scene, UK 240v mains where relevant, UK plug sockets where relevant, high detail, realistic, soft studio lighting, no text, no logo, no watermark, square composition"
Garden furniture,garden-furniture,Home and furniture,home-and-furniture,home-and-furniture-garden-furniture.png,"Garden furniture: Bistro set, Corner garden lounge set, and Garden storage bench in the home and furniture category. Product photo with a plain light background, single subject or tight grouped scene, UK 240v mains where relevant, UK plug sockets where relevant, high detail, realistic, soft studio lighting, no text, no logo, no watermark, square composition"
Display and retail furniture,display-and-retail-furniture,Home and furniture,home-and-furniture,home-and-furniture-display-and-retail-furniture.png,"Display and retail furniture: Display riser set, Folding changing screen, and Folding display table in the home and furniture category. Product photo with a plain light background, single subject or tight grouped scene, UK 240v mains where relevant, UK plug sockets where relevant, high detail, realistic, soft studio lighting, no text, no logo, no watermark, square composition"
Bedroom storage and dressing,bedroom-storage-and-dressing,Home and furniture,home-and-furniture,home-and-furniture-bedroom-storage-and-dressing.png,"Bedroom storage and dressing: Bed end bench, Bedside chest pair, and Blanket ladder in the home and furniture category. Product photo with a plain light background, single subject or tight grouped scene, UK 240v mains where relevant, UK plug sockets where relevant, high detail, realistic, soft studio lighting, no text, no logo, no watermark, square composition"
Moving and storage,moving-and-storage,,,moving-and-storage.png,"Moving and storage: Appliance roller bars, Appliance slider pads, and Door removal trolley. Product photo with a plain light background, single subject or tight grouped scene, UK 240v mains where relevant, UK plug sockets where relevant, high detail, realistic, soft studio lighting, no text, no logo, no watermark, square composition"
"Boxes, crates and totes",boxes-crates-and-totes,Moving and storage,moving-and-storage,moving-and-storage-boxes-crates-and-totes.png,"Boxes, crates and totes: Archive box bundle, Book boxes, and Bottle divider boxes in the moving and storage category. Product photo with a plain light background, single subject or tight grouped scene, UK 240v mains where relevant, UK plug sockets where relevant, high detail, realistic, soft studio lighting, no text, no logo, no watermark, square composition"
"Dollies, skates and lifters",dollies-skates-and-lifters,Moving and storage,moving-and-storage,moving-and-storage-dollies-skates-and-lifters.png,"Dollies, skates and lifters: Appliance trolley, Door lifter, and Furniture dolly in the moving and storage category. Product photo with a plain light background, single subject or tight grouped scene, UK 240v mains where relevant, UK plug sockets where relevant, high detail, realistic, soft studio lighting, no text, no logo, no watermark, square composition"
"Wrapping, covers and protection",wrapping-covers-and-protection,Moving and storage,moving-and-storage,moving-and-storage-wrapping-covers-and-protection.png,"Wrapping, covers and protection: Bubble wrap bundle, Corner foam pack, and Door frame protector set in the moving and storage category. Product photo with a plain light background, single subject or tight grouped scene, UK 240v mains where relevant, UK plug sockets where relevant, high detail, realistic, soft studio lighting, no text, no logo, no watermark, square composition"
"Ratchets, ropes and securing",ratchets-ropes-and-securing,Moving and storage,moving-and-storage,moving-and-storage-ratchets-ropes-and-securing.png,"Ratchets, ropes and securing: Bungee cord pack, Cam buckle strap set, and Cargo net in the moving and storage category. Product photo with a plain light background, single subject or tight grouped scene, UK 240v mains where relevant, UK plug sockets where relevant, high detail, realistic, soft studio lighting, no text, no logo, no watermark, square composition"
Temporary storage and organisation,temporary-storage-and-organisation,Moving and storage,moving-and-storage,moving-and-storage-temporary-storage-and-organisation.png,"Temporary storage and organisation: Clear tote set, Folding storage cage, and Hanging garment rail in the moving and storage category. Product photo with a plain light background, single subject or tight grouped scene, UK 240v mains where relevant, UK plug sockets where relevant, high detail, realistic, soft studio lighting, no text, no logo, no watermark, square composition"
Appliance moving and install helpers,appliance-moving-and-install-helpers,Moving and storage,moving-and-storage,moving-and-storage-appliance-moving-and-install-helpers.png,"Appliance moving and install helpers: Appliance roller bars, Appliance slider pads, and Door removal trolley in the moving and storage category. Product photo with a plain light background, single subject or tight grouped scene, UK 240v mains where relevant, UK plug sockets where relevant, high detail, realistic, soft studio lighting, no text, no logo, no watermark, square composition"
Event and exhibition transport gear,event-and-exhibition-transport-gear,Moving and storage,moving-and-storage,moving-and-storage-event-and-exhibition-transport-gear.png,"Event and exhibition transport gear: Cable trunk case, Exhibition case trolley, and Fold-flat platform trolley in the moving and storage category. Product photo with a plain light background, single subject or tight grouped scene, UK 240v mains where relevant, UK plug sockets where relevant, high detail, realistic, soft studio lighting, no text, no logo, no watermark, square composition"
Cleaning and handover kit,cleaning-and-handover-kit,Moving and storage,moving-and-storage,moving-and-storage-cleaning-and-handover-kit.png,"Cleaning and handover kit: Adhesive residue wheel, Dustpan contractor set, and End-of-tenancy cleaning kit in the moving and storage category. Product photo with a plain light background, single subject or tight grouped scene, UK 240v mains where relevant, UK plug sockets where relevant, high detail, realistic, soft studio lighting, no text, no logo, no watermark, square composition"
Outdoor and leisure,outdoor-and-leisure,,,outdoor-and-leisure.png,"Outdoor and leisure: Beach shelter, Beach trolley, and Beach wagon. Product photo with a plain light background, single subject or tight grouped scene, UK 240v mains where relevant, UK plug sockets where relevant, high detail, realistic, soft studio lighting, no text, no logo, no watermark, square composition"
"Gazebos, awnings and shade",gazebos-awnings-and-shade,Outdoor and leisure,outdoor-and-leisure,outdoor-and-leisure-gazebos-awnings-and-shade.png,"Gazebos, awnings and shade: Beach shelter, Camping awning, and Garden pergola in the outdoor and leisure category. Product photo with a plain light background, single subject or tight grouped scene, UK 240v mains where relevant, UK plug sockets where relevant, high detail, realistic, soft studio lighting, no text, no logo, no watermark, square composition"
Fire pits and outdoor heat,fire-pits-and-outdoor-heat,Outdoor and leisure,outdoor-and-leisure,outdoor-and-leisure-fire-pits-and-outdoor-heat.png,"Fire pits and outdoor heat: Chiminea, Fire bowl grill combo, and Fire pit in the outdoor and leisure category. Product photo with a plain light background, single subject or tight grouped scene, UK 240v mains where relevant, UK plug sockets where relevant, high detail, realistic, soft studio lighting, no text, no logo, no watermark, square composition"
Cool boxes and picnic kit,cool-boxes-and-picnic-kit,Outdoor and leisure,outdoor-and-leisure,outdoor-and-leisure-cool-boxes-and-picnic-kit.png,"Cool boxes and picnic kit: electric Camping cutlery bundle, Cool box, and Electric cool box in the outdoor and leisure category. Product photo with a plain light background, single subject or tight grouped scene, UK 240v mains where relevant, UK plug sockets where relevant, high detail, realistic, soft studio lighting, no text, no logo, no watermark, square composition"
Garden games and party play,garden-games-and-party-play,Outdoor and leisure,outdoor-and-leisure,outdoor-and-leisure-garden-games-and-party-play.png,"Garden games and party play: Boules set, Cornhole set, and Croquet set in the outdoor and leisure category. Product photo with a plain light background, single subject or tight grouped scene, UK 240v mains where relevant, UK plug sockets where relevant, high detail, realistic, soft studio lighting, no text, no logo, no watermark, square composition"
Hot tubs and celebration extras,hot-tubs-and-celebration-extras,Outdoor and leisure,outdoor-and-leisure,outdoor-and-leisure-hot-tubs-and-celebration-extras.png,"Hot tubs and celebration extras: Champagne wall, Confetti cannon stand, and Garden projector screen in the outdoor and leisure category. Product photo with a plain light background, single subject or tight grouped scene, UK 240v mains where relevant, UK plug sockets where relevant, high detail, realistic, soft studio lighting, no text, no logo, no watermark, square composition"
BBQs and outdoor cooking,bbqs-and-outdoor-cooking,Outdoor and leisure,outdoor-and-leisure,outdoor-and-leisure-bbqs-and-outdoor-cooking.png,"BBQs and outdoor cooking: BBQ tool bundle, Camping cook station, and Charcoal BBQ in the outdoor and leisure category. Product photo with a plain light background, single subject or tight grouped scene, UK 240v mains where relevant, UK plug sockets where relevant, high detail, realistic, soft studio lighting, no text, no logo, no watermark, square composition"
Adventure and beach gear,adventure-and-beach-gear,Outdoor and leisure,outdoor-and-leisure,outdoor-and-leisure-adventure-and-beach-gear.png,"Adventure and beach gear: Beach shelter, Beach trolley, and Beach wagon in the outdoor and leisure category. Product photo with a plain light background, single subject or tight grouped scene, UK 240v mains where relevant, UK plug sockets where relevant, high detail, realistic, soft studio lighting, no text, no logo, no watermark, square composition"
Play equipment and family fun,play-equipment-and-family-fun,Outdoor and leisure,outdoor-and-leisure,outdoor-and-leisure-play-equipment-and-family-fun.png,"Play equipment and family fun: Ball game target wall, Climbing dome, and Garden slide in the outdoor and leisure category. Product photo with a plain light background, single subject or tight grouped scene, UK 240v mains where relevant, UK plug sockets where relevant, high detail, realistic, soft studio lighting, no text, no logo, no watermark, square composition"
Water play and pool gear,water-play-and-pool-gear,Outdoor and leisure,outdoor-and-leisure,outdoor-and-leisure-water-play-and-pool-gear.png,"Water play and pool gear: Chlorine floater kit, Floating drinks cooler, and Garden mist arch in the outdoor and leisure category. Product photo with a plain light background, single subject or tight grouped scene, UK 240v mains where relevant, UK plug sockets where relevant, high detail, realistic, soft studio lighting, no text, no logo, no watermark, square composition"
Home improvement,home-improvement,,,home-improvement.png,"Home improvement: electric Air mover fan, Dehumidifier, and Drain camera. Product photo with a plain light background, single subject or tight grouped scene, UK 240v mains where relevant, UK plug sockets where relevant, high detail, realistic, soft studio lighting, no text, no logo, no watermark, square composition"
Carpet and floor cleaning,carpet-and-floor-cleaning,Home improvement,home-improvement,home-improvement-carpet-and-floor-cleaning.png,"Carpet and floor cleaning: Air mover fan, Commercial dehumidifier, and Fabric deodorising sprayer in the home improvement category. Product photo with a plain light background, single subject or tight grouped scene, UK 240v mains where relevant, UK plug sockets where relevant, high detail, realistic, soft studio lighting, no text, no logo, no watermark, square composition"
Upright carpet cleaners,upright-carpet-cleaners,Carpet and floor cleaning,carpet-and-floor-cleaning,carpet-and-floor-cleaning-upright-carpet-cleaners.png,"Upright carpet cleaners: electric Carpet brush agitator, Commercial carpet cleaner, and Dual-tank carpet washer in the carpet and floor cleaning category. Product photo with a plain light background, single subject or tight grouped scene, UK 240v mains where relevant, UK plug sockets where relevant, high detail, realistic, soft studio lighting, no text, no logo, no watermark, square composition"
Spot and upholstery cleaners,spot-and-upholstery-cleaners,Carpet and floor cleaning,carpet-and-floor-cleaning,carpet-and-floor-cleaning-spot-and-upholstery-cleaners.png,"Spot and upholstery cleaners: electric Car seat upholstery cleaner, Fabric drying fan, and Handheld stain remover in the carpet and floor cleaning category. Product photo with a plain light background, single subject or tight grouped scene, UK 240v mains where relevant, UK plug sockets where relevant, high detail, realistic, soft studio lighting, no text, no logo, no watermark, square composition"
Hard floor and extractor cleaners,hard-floor-and-extractor-cleaners,Carpet and floor cleaning,carpet-and-floor-cleaning,carpet-and-floor-cleaning-hard-floor-and-extractor-cleaners.png,"Hard floor and extractor cleaners: Commercial floor dryer, Hard floor scrubber, and Rotary floor polisher in the carpet and floor cleaning category. Product photo with a plain light background, single subject or tight grouped scene, UK 240v mains where relevant, UK plug sockets where relevant, high detail, realistic, soft studio lighting, no text, no logo, no watermark, square composition"
"Drying, deodorising and restoration",drying-deodorising-and-restoration,Carpet and floor cleaning,carpet-and-floor-cleaning,carpet-and-floor-cleaning-drying-deodorising-and-restoration.png,"Drying, deodorising and restoration: Air mover fan, Commercial dehumidifier, and Fabric deodorising sprayer in the carpet and floor cleaning category. Product photo with a plain light background, single subject or tight grouped scene, UK 240v mains where relevant, UK plug sockets where relevant, high detail, realistic, soft studio lighting, no text, no logo, no watermark, square composition"
Decorating and painting,decorating-and-painting,Home improvement,home-improvement,home-improvement-decorating-and-painting.png,"Decorating and painting: Airless paint sprayer, Caulking gun set, and Detail spray gun in the home improvement category. Product photo with a plain light background, single subject or tight grouped scene, UK 240v mains where relevant, UK plug sockets where relevant, high detail, realistic, soft studio lighting, no text, no logo, no watermark, square composition"
Flooring and wallpaper tools,flooring-and-wallpaper-tools,Home improvement,home-improvement,home-improvement-flooring-and-wallpaper-tools.png,"Flooring and wallpaper tools: Carpet knee kicker, Carpet stretcher, and Floor roller in the home improvement category. Product photo with a plain light background, single subject or tight grouped scene, UK 240v mains where relevant, UK plug sockets where relevant, high detail, realistic, soft studio lighting, no text, no logo, no watermark, square composition"
Cleaning and restoration,cleaning-and-restoration,Home improvement,home-improvement,home-improvement-cleaning-and-restoration.png,"Cleaning and restoration: Air mover fan, Dehumidifier, and Drain camera in the home improvement category. Product photo with a plain light background, single subject or tight grouped scene, UK 240v mains where relevant, UK plug sockets where relevant, high detail, realistic, soft studio lighting, no text, no logo, no watermark, square composition"
Plumbing and drain tools,plumbing-and-drain-tools,Home improvement,home-improvement,home-improvement-plumbing-and-drain-tools.png,"Plumbing and drain tools: Drain auger, Drain rods, and PEX crimp tool in the home improvement category. Product photo with a plain light background, single subject or tight grouped scene, UK 240v mains where relevant, UK plug sockets where relevant, high detail, realistic, soft studio lighting, no text, no logo, no watermark, square composition"
General access and ladders,general-access-and-ladders,Home improvement,home-improvement,home-improvement-general-access-and-ladders.png,"General access and ladders: Decorators platform, Extension ladder, and Ladder in the home improvement category. Product photo with a plain light background, single subject or tight grouped scene, UK 240v mains where relevant, UK plug sockets where relevant, high detail, realistic, soft studio lighting, no text, no logo, no watermark, square composition"
Electrical test and install tools,electrical-test-and-install-tools,Home improvement,home-improvement,home-improvement-electrical-test-and-install-tools.png,"Electrical test and install tools: Cable detector, Cable pull rods, and Conduit bender in the home improvement category. Product photo with a plain light background, single subject or tight grouped scene, UK 240v mains where relevant, UK plug sockets where relevant, high detail, realistic, soft studio lighting, no text, no logo, no watermark, square composition"
"Windows, doors and glazing tools",windows-doors-and-glazing-tools,Home improvement,home-improvement,home-improvement-windows-doors-and-glazing-tools.png,"Windows, doors and glazing tools: Bead removal tool, Door lifter, and Door trimming stand in the home improvement category. Product photo with a plain light background, single subject or tight grouped scene, UK 240v mains where relevant, UK plug sockets where relevant, high detail, realistic, soft studio lighting, no text, no logo, no watermark, square composition"
Tiling and finishing tools,tiling-and-finishing-tools,Home improvement,home-improvement,home-improvement-tiling-and-finishing-tools.png,"Tiling and finishing tools: Corner finishing trowel, Grout float kit, and Jointing knife set in the home improvement category. Product photo with a plain light background, single subject or tight grouped scene, UK 240v mains where relevant, UK plug sockets where relevant, high detail, realistic, soft studio lighting, no text, no logo, no watermark, square composition"
Joinery installation tools,joinery-installation-tools,Home improvement,home-improvement,home-improvement-joinery-installation-tools.png,"Joinery installation tools: Cabinet clamp set, Cabinet lift jack, and Countertop seam setter in the home improvement category. Product photo with a plain light background, single subject or tight grouped scene, UK 240v mains where relevant, UK plug sockets where relevant, high detail, realistic, soft studio lighting, no text, no logo, no watermark, square composition"
